id,first_name,last_name,email
1,Ari,Treamayne,atreamayne0@bloomberg.com
2,Beck,Paige,bpaige1@cpanel.net
3,Tiphany,MacKimm,tmackimm2@w3.org
4,Beau,Kleimt,bkleimt3@washingtonpost.com
5,Nicoli,Bailles,nbailles4@indiegogo.com
6,Zitella,Sadgrove,zsadgrove5@e-recht24.de
7,Darsey,Saunton,dsaunton6@typepad.com
8,Broderic,Feander,bfeander7@bigcartel.com
9,Felipe,Staziker,fstaziker8@wired.com
10,Clarinda,Menault,cmenault9@bing.com
11,Phillis,Gentzsch,pgentzscha@eepurl.com
12,Jolee,Angood,jangoodb@booking.com
13,Irvine,Gabbatiss,igabbatissc@nature.com
14,Novelia,Astell,nastelld@cpanel.net
15,Ruperto,Bariball,rbariballe@sourceforge.net
16,Krystyna,Belshaw,kbelshawf@imgur.com
17,Dewitt,Ibeson,dibesong@mail.ru
18,Kayley,Kagan,kkaganh@utexas.edu
19,Melva,Cantillon,mcantilloni@virginia.edu
20,Aarika,Colleran,acolleranj@buzzfeed.com
21,Cristine,Dinse,cdinsek@odnoklassniki.ru
22,Florette,Dawtry,fdawtryl@cdc.gov
23,Josephina,Backs,jbacksm@phoca.cz
24,Hercules,Milroy,hmilroyn@latimes.com
25,Cornie,Vanderson,cvandersono@aol.com
26,Carolee,Wherrit,cwherritp@elegantthemes.com
27,Mortimer,Dowsett,mdowsettq@plala.or.jp
28,Lotty,Curnok,lcurnokr@usda.gov
29,August,Grunwald,agrunwalds@51.la
30,Rica,Breeds,rbreedst@lycos.com
31,Adair,Pitrelli,apitrelliu@ed.gov
32,Abdul,Gibbons,agibbonsv@addthis.com
33,Christa,Sawer,csawerw@123-reg.co.uk
34,Cindra,Garlinge,cgarlingex@t-online.de
35,Si,Warrender,swarrendery@telegraph.co.uk
36,Jdavie,Cowdery,jcowderyz@ebay.co.uk
37,Myrwyn,Bernet,mbernet10@cbc.ca
38,Angus,Messitt,amessitt11@cyberchimps.com
39,Morry,Cherrie,mcherrie12@yelp.com
40,Faina,Condliffe,fcondliffe13@hao123.com
41,Traci,Giacoboni,tgiacoboni14@webnode.com
42,Tye,Blythe,tblythe15@ebay.com
43,Lilllie,Betho,lbetho16@squarespace.com
44,Whittaker,Andrzejewski,wandrzejewski17@mozilla.com
45,Gert,Rotham,grotham18@marketwatch.com
46,Tremayne,Paterson,tpaterson19@arstechnica.com
47,Clerkclaude,Rhucroft,crhucroft1a@cisco.com
48,Zorine,Gillings,zgillings1b@amazon.co.uk
49,Vanda,Runnett,vrunnett1c@netvibes.com
50,Millard,Chaman,mchaman1d@t-online.de
51,Serene,Fessby,sfessby1e@mysql.com
52,Kary,Reuven,kreuven1f@slideshare.net
53,Velma,Portam,vportam1g@canalblog.com
54,Ferne,Gover,fgover1h@nih.gov
55,Lynsey,Philippe,lphilippe1i@cyberchimps.com
56,Aaron,Shewon,ashewon1j@pen.io
57,Rosaline,Jennery,rjennery1k@nyu.edu
58,Kay,Lanmeid,klanmeid1l@unesco.org
59,Harlan,Heindrick,hheindrick1m@google.co.uk
60,Drugi,Fleetwood,dfleetwood1n@wisc.edu
61,Carrol,Sigmund,csigmund1o@un.org
62,Hilarius,Ashdown,hashdown1p@chicagotribune.com
63,Andriana,Hoys,ahoys1q@domainmarket.com
64,Fanchon,Tallman,ftallman1r@gravatar.com
65,Rici,McEvilly,rmcevilly1s@google.ca
66,Halli,Powdrell,hpowdrell1t@si.edu
67,Alwyn,Piddock,apiddock1u@seattletimes.com
68,Lillian,Sproule,lsproule1v@qq.com
69,Teodorico,Couser,tcouser1w@netlog.com
70,Wilone,Firth,wfirth1x@eventbrite.com
71,Georgeanna,Bitchener,gbitchener1y@usatoday.com
72,Alverta,Schoenrock,aschoenrock1z@nhs.uk
73,Gerry,Kilius,gkilius20@shop-pro.jp
74,Huntington,De Bruijne,hdebruijne21@arstechnica.com
75,Edee,Henlon,ehenlon22@mit.edu
76,Blondelle,Tillard,btillard23@vkontakte.ru
77,Ede,Livesley,elivesley24@youku.com
78,Durward,Dowson,ddowson25@bluehost.com
79,Boy,Jeffree,bjeffree26@reddit.com
80,Cordelie,Ebsworth,cebsworth27@bandcamp.com
81,Katherina,Beebee,kbeebee28@cloudflare.com
82,Malory,Doale,mdoale29@earthlink.net
83,Deeann,Kopfer,dkopfer2a@artisteer.com
84,Alica,Wilsher,awilsher2b@prlog.org
85,Clemmy,Ibbett,cibbett2c@jalbum.net
86,Bendite,Jopp,bjopp2d@symantec.com
87,Jedd,Hanhardt,jhanhardt2e@godaddy.com
88,Dalis,Dibb,ddibb2f@bloomberg.com
89,Trevor,Walshaw,twalshaw2g@instagram.com
90,Averil,Liger,aliger2h@livejournal.com
91,Nikoletta,Gisburne,ngisburne2i@apache.org
92,Aeriela,Spadari,aspadari2j@com.com
93,Cary,Sleath,csleath2k@networksolutions.com
94,Audie,Rosina,arosina2l@soundcloud.com
95,Benedick,Radke,bradke2m@cpanel.net
96,Tonie,Brisson,tbrisson2n@ft.com
97,Gerrie,Fardo,gfardo2o@wix.com
98,Van,McCormick,vmccormick2p@princeton.edu
99,Cymbre,Bickerdyke,cbickerdyke2q@oaic.gov.au
100,Emmaline,Curnnok,ecurnnok2r@go.com